[
  {
    "created_at": "2012-11-05T23:17:29Z",
    "type": "WatchEvent",
    "payload": {
      "action": "started"
    },
    "repo": {
      "url": "https://api.github.com/repos/dorkitude/dstruct",
      "name": "dorkitude/dstruct",
      "id": 2841478
    },
    "public": true,
    "actor": {
      "url": "https://api.github.com/users/jacobrelkin",
      "avatar_url": "https://secure.gravatar.com/avatar/0135bb75b1f08484d26239e8117b111c?d=https://a248.e.akamai.net/assets.github.com%2Fimages%2Fgravatars%2Fgravatar-user-420.png",
      "login": "jacobrelkin",
      "id": 56034,
      "gravatar_id": "0135bb75b1f08484d26239e8117b111c"
    },
    "id": "1621935403"
  },
  {
    "created_at": "2012-11-05T23:17:29Z",
    "type": "PushEvent",
    "payload": {
      "ref": "refs/heads/master",
      "commits": [
        {
          "sha": "dabe4e33e13085eb400c881e123b394dfd08d7d7",
          "url": "https://api.github.com/repos/sagioto/LipReading/commits/dabe4e33e13085eb400c881e123b394dfd08d7d7",
          "author": {
            "email": "sagioto@gmail.com",
            "name": "sagioto"
          },
          "message": "added eclipse files to gitignore",
          "distinct": true
        }
      ],
      "head": "dabe4e33e13085eb400c881e123b394dfd08d7d7",
      "size": 1,
      "before": "14b625956210b0b97d9b4d2a6776101936b3a688",
      "push_id": 117340431
    },
    "repo": {
      "url": "https://api.github.com/repos/sagioto/LipReading",
      "name": "sagioto/LipReading",
      "id": 5550875
    },
    "public": true,
    "actor": {
      "url": "https://api.github.com/users/sagioto",
      "avatar_url": "https://secure.gravatar.com/avatar/af928d56781e8cd3d44fa00da7cc72e7?d=https://a248.e.akamai.net/assets.github.com%2Fimages%2Fgravatars%2Fgravatar-user-420.png",
      "login": "sagioto",
      "id": 1556217,
      "gravatar_id": "af928d56781e8cd3d44fa00da7cc72e7"
    },
    "id": "1621935401"
  },
  {
    "created_at": "2012-11-05T23:17:28Z",
    "type": "PushEvent",
    "payload": {
      "commits": [
        {
          "sha": "12406c3a92795cd8576f8ae990d312598c75e0d4",
          "url": "https://api.github.com/repos/lurajon/UoLGroupJacobs/commits/12406c3a92795cd8576f8ae990d312598c75e0d4",
          "author": {
            "email": "developement@gmail.com",
            "name": "Zlatan Marijanovic"
          },
          "message": "calendar and date button aligned to the right, added calendar buttons to room and calendar reservation\n\nalso returned <fieldset> instead of <div> on activities and index",
          "distinct": false
        },
        {
          "sha": "8fab742d373254c26c1a7ec0a01eef3773088eeb",
          "url": "https://api.github.com/repos/lurajon/UoLGroupJacobs/commits/8fab742d373254c26c1a7ec0a01eef3773088eeb",
          "author": {
            "email": "jone@ecc.no",
            "name": "Jone"
          },
          "message": "Merge pull request #47 from lurajon/ZlatanM_datepicker\n\ncalendar and date button aligned to the right, added calendar buttons to...",
          "distinct": true
        }
      ],
      "ref": "refs/heads/master",
      "head": "8fab742d373254c26c1a7ec0a01eef3773088eeb",
      "size": 2,
      "before": "b529fba77a128ec875f24a06bba39be890a5c004",
      "push_id": 117340425
    },
    "repo": {
      "url": "https://api.github.com/repos/lurajon/UoLGroupJacobs",
      "name": "lurajon/UoLGroupJacobs",
      "id": 6170102
    },
    "public": true,
    "actor": {
      "url": "https://api.github.com/users/lurajon",
      "avatar_url": "https://secure.gravatar.com/avatar/f8e7fb5f33724630f92aacf0868596f6?d=https://a248.e.akamai.net/assets.github.com%2Fimages%2Fgravatars%2Fgravatar-user-420.png",
      "login": "lurajon",
      "id": 1674209,
      "gravatar_id": "f8e7fb5f33724630f92aacf0868596f6"
    },
    "id": "1621935398"
  },
  {
    "created_at": "2012-11-05T23:17:28Z",
    "type": "PushEvent",
    "payload": {
      "ref": "refs/heads/unstable",
      "commits": [
        {
          "sha": "4d807cbe1193b67bc4519259f14bbad049fd1c50",
          "url": "https://api.github.com/repos/LendioDevs/gacela/commits/4d807cbe1193b67bc4519259f14bbad049fd1c50",
          "author": {
            "email": "noah.goodrich@lendio.com",
            "name": "Noah Goodrich"
          },
          "message": "Fixed Salesforce::find() method declaration",
          "distinct": true
        }
      ],
      "head": "4d807cbe1193b67bc4519259f14bbad049fd1c50",
      "size": 1,
      "before": "3864da360cff82a2aba5a9813a664a1c327a0eb3",
      "push_id": 117340424
    },
    "repo": {
      "url": "https://api.github.com/repos/LendioDevs/gacela",
      "name": "LendioDevs/gacela",
      "id": 3258685
    },
    "public": true,
    "org": {
      "url": "https://api.github.com/orgs/LendioDevs",
      "avatar_url": "https://secure.gravatar.com/avatar/111fd8bf4f9010fc2892d526633809b3?d=https://a248.e.akamai.net/assets.github.com%2Fimages%2Fgravatars%2Fgravatar-org-420.png",
      "login": "LendioDevs",
      "id": 887259,
      "gravatar_id": "111fd8bf4f9010fc2892d526633809b3"
    },
    "actor": {
      "url": "https://api.github.com/users/noah-goodrich",
      "avatar_url": "https://secure.gravatar.com/avatar/53001fae0c4286668c128393bd42c9b6?d=https://a248.e.akamai.net/assets.github.com%2Fimages%2Fgravatars%2Fgravatar-user-420.png",
      "login": "noah-goodrich",
      "id": 393414,
      "gravatar_id": "53001fae0c4286668c128393bd42c9b6"
    },
    "id": "1621935397"
  },
  {
    "created_at": "2012-11-05T23:17:27Z",
    "type": "FollowEvent",
    "payload": {
      "target": {
        "url": "https://api.github.com/users/keepevets",
        "followers": 1,
        "email": "keepevets@gmail.com",
        "bio": null,
        "type": "User",
        "location": "new york, ny",
        "created_at": "2011-08-30T19:57:59Z",
        "public_gists": 0,
        "avatar_url": "https://secure.gravatar.com/avatar/a11624ecf7c1afeef72e85c9d367899d?d=https://a248.e.akamai.net/assets.github.com%2Fimages%2Fgravatars%2Fgravatar-user-420.png",
        "login": "keepevets",
        "following": 2,
        "public_repos": 0,
        "company": "BananaStand & Co",
        "id": 1015320,
        "name": "Stephen Peek",
        "hireable": false,
        "gravatar_id": "a11624ecf7c1afeef72e85c9d367899d",
        "html_url": "https://github.com/keepevets",
        "blog": null
      }
    },
    "repo": {
      "url": "https://api.github.com/repos//",
      "name": "/"
    },
    "public": true,
    "actor": {
      "url": "https://api.github.com/users/jenius",
      "avatar_url": "https://secure.gravatar.com/avatar/4fecd666b6e9fe0b043570f4d964d917?d=https://a248.e.akamai.net/assets.github.com%2Fimages%2Fgravatars%2Fgravatar-user-420.png",
      "login": "jenius",
      "gravatar_id": "4fecd666b6e9fe0b043570f4d964d917",
      "id": 556932
    },
    "id": "1621935391"
  },
  {
    "created_at": "2012-11-05T23:17:27Z",
    "type": "PullRequestEvent",
    "payload": {
      "action": "closed",
      "pull_request": {
        "merged_at": "2012-11-05T23:17:27Z",
        "_links": {
          "self": {
            "href": "https://api.github.com/repos/lurajon/UoLGroupJacobs/pulls/47"
          },
          "issue": {
            "href": "https://api.github.com/repos/lurajon/UoLGroupJacobs/issues/47"
          },
          "comments": {
            "href": "https://api.github.com/repos/lurajon/UoLGroupJacobs/issues/47/comments"
          },
          "review_comments": {
            "href": "https://api.github.com/repos/lurajon/UoLGroupJacobs/pulls/47/comments"
          },
          "html": {
            "href": "https://github.com/lurajon/UoLGroupJacobs/pull/47"
          }
        },
        "commits": 1,
        "url": "https://api.github.com/repos/lurajon/UoLGroupJacobs/pulls/47",
        "closed_at": "2012-11-05T23:17:27Z",
        "head": {
          "sha": "12406c3a92795cd8576f8ae990d312598c75e0d4",
          "ref": "ZlatanM_datepicker",
          "label": "lurajon:ZlatanM_datepicker",
          "user": {
            "url": "https://api.github.com/users/lurajon",
            "avatar_url": "https://secure.gravatar.com/avatar/f8e7fb5f33724630f92aacf0868596f6?d=https://a248.e.akamai.net/assets.github.com%2Fimages%2Fgravatars%2Fgravatar-user-420.png",
            "login": "lurajon",
            "id": 1674209,
            "gravatar_id": "f8e7fb5f33724630f92aacf0868596f6"
          },
          "repo": {
            "git_url": "git://github.com/lurajon/UoLGroupJacobs.git",
            "has_downloads": true,
            "open_issues": 0,
            "url": "https://api.github.com/repos/lurajon/UoLGroupJacobs",
            "open_issues_count": 0,
            "private": false,
            "description": "Project Assignment UoL Hotel",
            "pushed_at": "2012-11-05T23:17:27Z",
            "svn_url": "https://github.com/lurajon/UoLGroupJacobs",
            "watchers": 0,
            "updated_at": "2012-11-05T23:17:27Z",
            "size": 9376,
            "owner": {
              "url": "https://api.github.com/users/lurajon",
              "avatar_url": "https://secure.gravatar.com/avatar/f8e7fb5f33724630f92aacf0868596f6?d=https://a248.e.akamai.net/assets.github.com%2Fimages%2Fgravatars%2Fgravatar-user-420.png",
              "login": "lurajon",
              "id": 1674209,
              "gravatar_id": "f8e7fb5f33724630f92aacf0868596f6"
            },
            "fork": false,
            "created_at": "2012-10-11T07:29:06Z",
            "forks": 0,
            "homepage": null,
            "mirror_url": null,
            "watchers_count": 0,
            "has_issues": true,
            "language": "JavaScript",
            "clone_url": "https://github.com/lurajon/UoLGroupJacobs.git",
            "ssh_url": "git@github.com:lurajon/UoLGroupJacobs.git",
            "full_name": "lurajon/UoLGroupJacobs",
            "id": 6170102,
            "name": "UoLGroupJacobs",
            "html_url": "https://github.com/lurajon/UoLGroupJacobs",
            "has_wiki": true,
            "forks_count": 0
          }
        },
        "assignee": {
          "url": "https://api.github.com/users/lurajon",
          "avatar_url": "https://secure.gravatar.com/avatar/f8e7fb5f33724630f92aacf0868596f6?d=https://a248.e.akamai.net/assets.github.com%2Fimages%2Fgravatars%2Fgravatar-user-420.png",
          "login": "lurajon",
          "id": 1674209,
          "gravatar_id": "f8e7fb5f33724630f92aacf0868596f6"
        },
        "deletions": 15,
        "base": {
          "sha": "b529fba77a128ec875f24a06bba39be890a5c004",
          "ref": "master",
          "label": "lurajon:master",
          "user": {
            "url": "https://api.github.com/users/lurajon",
            "avatar_url": "https://secure.gravatar.com/avatar/f8e7fb5f33724630f92aacf0868596f6?d=https://a248.e.akamai.net/assets.github.com%2Fimages%2Fgravatars%2Fgravatar-user-420.png",
            "login": "lurajon",
            "id": 1674209,
            "gravatar_id": "f8e7fb5f33724630f92aacf0868596f6"
          },
          "repo": {
            "git_url": "git://github.com/lurajon/UoLGroupJacobs.git",
            "has_downloads": true,
            "open_issues": 0,
            "url": "https://api.github.com/repos/lurajon/UoLGroupJacobs",
            "open_issues_count": 0,
            "private": false,
            "description": "Project Assignment UoL Hotel",
            "pushed_at": "2012-11-05T23:17:27Z",
            "svn_url": "https://github.com/lurajon/UoLGroupJacobs",
            "watchers": 0,
            "updated_at": "2012-11-05T23:17:27Z",
            "size": 9376,
            "owner": {
              "url": "https://api.github.com/users/lurajon",
              "avatar_url": "https://secure.gravatar.com/avatar/f8e7fb5f33724630f92aacf0868596f6?d=https://a248.e.akamai.net/assets.github.com%2Fimages%2Fgravatars%2Fgravatar-user-420.png",
              "login": "lurajon",
              "id": 1674209,
              "gravatar_id": "f8e7fb5f33724630f92aacf0868596f6"
            },
            "fork": false,
            "created_at": "2012-10-11T07:29:06Z",
            "forks": 0,
            "homepage": null,
            "mirror_url": null,
            "watchers_count": 0,
            "has_issues": true,
            "language": "JavaScript",
            "clone_url": "https://github.com/lurajon/UoLGroupJacobs.git",
            "ssh_url": "git@github.com:lurajon/UoLGroupJacobs.git",
            "full_name": "lurajon/UoLGroupJacobs",
            "id": 6170102,
            "name": "UoLGroupJacobs",
            "html_url": "https://github.com/lurajon/UoLGroupJacobs",
            "has_wiki": true,
            "forks_count": 0
          }
        },
        "updated_at": "2012-11-05T23:17:27Z",
        "merge_commit_sha": "729d680791eb9d69faa022140e1888e38e7edb85",
        "comments": 0,
        "additions": 19,
        "user": {
          "url": "https://api.github.com/users/zmarijanovic",
          "avatar_url": "https://secure.gravatar.com/avatar/4a1f98e1fa1980b4dc1c5385f95152c4?d=https://a248.e.akamai.net/assets.github.com%2Fimages%2Fgravatars%2Fgravatar-user-420.png",
          "login": "zmarijanovic",
          "id": 2566936,
          "gravatar_id": "4a1f98e1fa1980b4dc1c5385f95152c4"
        },
        "created_at": "2012-11-05T23:02:58Z",
        "diff_url": "https://github.com/lurajon/UoLGroupJacobs/pull/47.diff",
        "milestone": null,
        "title": "calendar and date button aligned to the right, added calendar buttons to...",
        "mergeable": null,
        "state": "closed",
        "merged_by": {
          "url": "https://api.github.com/users/lurajon",
          "avatar_url": "https://secure.gravatar.com/avatar/f8e7fb5f33724630f92aacf0868596f6?d=https://a248.e.akamai.net/assets.github.com%2Fimages%2Fgravatars%2Fgravatar-user-420.png",
          "login": "lurajon",
          "id": 1674209,
          "gravatar_id": "f8e7fb5f33724630f92aacf0868596f6"
        },
        "review_comments": 0,
        "body": "... room and calendar reservation\r\n\r\nalso returned <fieldset> instead of <div> on activities and index",
        "merged": true,
        "id": 2890465,
        "mergeable_state": "unknown",
        "patch_url": "https://github.com/lurajon/UoLGroupJacobs/pull/47.patch",
        "html_url": "https://github.com/lurajon/UoLGroupJacobs/pull/47",
        "number": 47,
        "changed_files": 6,
        "issue_url": "https://github.com/lurajon/UoLGroupJacobs/issues/47"
      },
      "number": 47
    },
    "repo": {
      "url": "https://api.github.com/repos/lurajon/UoLGroupJacobs",
      "name": "lurajon/UoLGroupJacobs",
      "id": 6170102
    },
    "public": true,
    "actor": {
      "url": "https://api.github.com/users/lurajon",
      "avatar_url": "https://secure.gravatar.com/avatar/f8e7fb5f33724630f92aacf0868596f6?d=https://a248.e.akamai.net/assets.github.com%2Fimages%2Fgravatars%2Fgravatar-user-420.png",
      "login": "lurajon",
      "gravatar_id": "f8e7fb5f33724630f92aacf0868596f6",
      "id": 1674209
    },
    "id": "1621935390"
  },
  {
    "created_at": "2012-11-05T23:17:27Z",
    "type": "PushEvent",
    "payload": {
      "ref": "refs/heads/gh-pages",
      "commits": [
        {
          "sha": "5d25018e5046dd1011f6f89a88ca0882a936bd48",
          "url": "https://api.github.com/repos/mosowski/game-off-2012/commits/5d25018e5046dd1011f6f89a88ca0882a936bd48",
          "author": {
            "email": "osowski.poczta@gmail.com",
            "name": "Mateusz Osowski"
          },
          "message": "Updated files.",
          "distinct": true
        }
      ],
      "head": "5d25018e5046dd1011f6f89a88ca0882a936bd48",
      "size": 1,
      "before": "8fbcda5332bc9034e2afa29ce7b289783591af4b",
      "push_id": 117340416
    },
    "repo": {
      "url": "https://api.github.com/repos/mosowski/game-off-2012",
      "name": "mosowski/game-off-2012",
      "id": 6417099
    },
    "public": true,
    "actor": {
      "url": "https://api.github.com/users/mosowski",
      "avatar_url": "https://secure.gravatar.com/avatar/d8557625e2ad061b2a92cf4d24f5c012?d=https://a248.e.akamai.net/assets.github.com%2Fimages%2Fgravatars%2Fgravatar-user-420.png",
      "login": "mosowski",
      "id": 274558,
      "gravatar_id": "d8557625e2ad061b2a92cf4d24f5c012"
    },
    "id": "1621935386"
  },
  {
    "created_at": "2012-11-05T23:17:27Z",
    "type": "PushEvent",
    "payload": {
      "ref": "refs/heads/master",
      "commits": [
        {
          "sha": "7c738fb9c07eefff2034ebb5a89e72cc257f5830",
          "url": "https://api.github.com/repos/schmittjoh/php-option/commits/7c738fb9c07eefff2034ebb5a89e72cc257f5830",
          "author": {
            "email": "schmittjoh@gmail.com",
            "name": "Johannes Schmitt"
          },
          "message": "fixed grammar",
          "distinct": true
        }
      ],
      "head": "7c738fb9c07eefff2034ebb5a89e72cc257f5830",
      "size": 1,
      "before": "ae1d87d3566c75ef148e90bae148fa95bd2c9be4",
      "push_id": 117340417
    },
    "repo": {
      "url": "https://api.github.com/repos/schmittjoh/php-option",
      "name": "schmittjoh/php-option",
      "id": 6547487
    },
    "public": true,
    "actor": {
      "url": "https://api.github.com/users/schmittjoh",
      "avatar_url": "https://secure.gravatar.com/avatar/96a13b96ece78afe3c2dc841edc4a8f5?d=https://a248.e.akamai.net/assets.github.com%2Fimages%2Fgravatars%2Fgravatar-user-420.png",
      "login": "schmittjoh",
      "id": 197017,
      "gravatar_id": "96a13b96ece78afe3c2dc841edc4a8f5"
    },
    "id": "1621935385"
  },
  {
    "created_at": "2012-11-05T23:17:27Z",
    "type": "PushEvent",
    "payload": {
      "ref": "refs/heads/source",
      "commits": [
        {
          "sha": "41424baf59b2827f89ae56722bee37876ce9ab53",
          "url": "https://api.github.com/repos/makokal/makokal.github.com/commits/41424baf59b2827f89ae56722bee37876ce9ab53",
          "author": {
            "email": "okal.billy@googlemail.com",
            "name": "Billy Okal"
          },
          "message": "gh sidebah",
          "distinct": true
        }
      ],
      "head": "41424baf59b2827f89ae56722bee37876ce9ab53",
      "size": 1,
      "before": "2821733b9f04988ed447a5eebe76c63975d6fb2a",
      "push_id": 117340415
    },
    "repo": {
      "url": "https://api.github.com/repos/makokal/makokal.github.com",
      "name": "makokal/makokal.github.com",
      "id": 4591801
    },
    "public": true,
    "actor": {
      "url": "https://api.github.com/users/makokal",
      "avatar_url": "https://secure.gravatar.com/avatar/2e46e739402c5c44c2715ad64f5215da?d=https://a248.e.akamai.net/assets.github.com%2Fimages%2Fgravatars%2Fgravatar-user-420.png",
      "login": "makokal",
      "gravatar_id": "2e46e739402c5c44c2715ad64f5215da",
      "id": 229750
    },
    "id": "1621935384"
  },
  {
    "created_at": "2012-11-05T23:17:26Z",
    "type": "PushEvent",
    "payload": {
      "ref": "refs/heads/master",
      "commits": [
        {
          "sha": "79837cc149458e0fa76982c65e858b86fa019b4e",
          "url": "https://api.github.com/repos/hedberg/flask-oauth/commits/79837cc149458e0fa76982c65e858b86fa019b4e",
          "author": {
            "email": "simon@in-formation.se",
            "name": "Simon Hedberg"
          },
          "message": "add certifi certs",
          "distinct": true
        }
      ],
      "head": "79837cc149458e0fa76982c65e858b86fa019b4e",
      "size": 1,
      "before": "09ebf2840dff924a6457e3faaff9c9b32a4f1a9f",
      "push_id": 117340414
    },
    "repo": {
      "url": "https://api.github.com/repos/hedberg/flask-oauth",
      "name": "hedberg/flask-oauth",
      "id": 6550915
    },
    "public": true,
    "actor": {
      "url": "https://api.github.com/users/hedberg",
      "avatar_url": "https://secure.gravatar.com/avatar/e3e7258840c8ffb7805d643fb05ffa5c?d=https://a248.e.akamai.net/assets.github.com%2Fimages%2Fgravatars%2Fgravatar-user-420.png",
      "login": "hedberg",
      "id": 481008,
      "gravatar_id": "e3e7258840c8ffb7805d643fb05ffa5c"
    },
    "id": "1621935382"
  },
  {
    "created_at": "2012-11-05T23:17:26Z",
    "type": "FollowEvent",
    "payload": {
      "target": {
        "url": "https://api.github.com/users/jasonknebel",
        "followers": 2,
        "email": "",
        "bio": null,
        "type": "User",
        "location": "New York, NY",
        "created_at": "2012-01-22T05:14:13Z",
        "public_gists": 0,
        "avatar_url": "https://secure.gravatar.com/avatar/7936075c1033be83147ef2b72ab89dfa?d=https://a248.e.akamai.net/assets.github.com%2Fimages%2Fgravatars%2Fgravatar-user-420.png",
        "login": "jasonknebel",
        "following": 4,
        "public_repos": 4,
        "company": null,
        "id": 1366188,
        "name": "Jason Knebel",
        "hireable": false,
        "gravatar_id": "7936075c1033be83147ef2b72ab89dfa",
        "html_url": "https://github.com/jasonknebel",
        "blog": null
      }
    },
    "repo": {
      "url": "https://api.github.com/repos//",
      "name": "/"
    },
    "public": true,
    "actor": {
      "url": "https://api.github.com/users/jenius",
      "avatar_url": "https://secure.gravatar.com/avatar/4fecd666b6e9fe0b043570f4d964d917?d=https://a248.e.akamai.net/assets.github.com%2Fimages%2Fgravatars%2Fgravatar-user-420.png",
      "login": "jenius",
      "gravatar_id": "4fecd666b6e9fe0b043570f4d964d917",
      "id": 556932
    },
    "id": "1621935380"
  },
  {
    "created_at": "2012-11-05T23:17:25Z",
    "type": "PushEvent",
    "payload": {
      "commits": [

      ],
      "ref": "refs/heads/master",
      "head": "74a65c2fa1f8e5d584bd8414a5612c411151b01c",
      "size": 0,
      "before": "2f4e36eb45264e66adff7fd4390a37f1457530b6",
      "push_id": 117340410
    },
    "repo": {
      "url": "https://api.github.com/repos/kgp700/exyroid-sgs2-ics",
      "name": "kgp700/exyroid-sgs2-ics",
      "id": 3940918
    },
    "public": true,
    "actor": {
      "url": "https://api.github.com/users/kgp700",
      "avatar_url": "https://secure.gravatar.com/avatar/336439a7dd1f9de963fe1eadd4b6f4c1?d=https://a248.e.akamai.net/assets.github.com%2Fimages%2Fgravatars%2Fgravatar-user-420.png",
      "login": "kgp700",
      "gravatar_id": "336439a7dd1f9de963fe1eadd4b6f4c1",
      "id": 888065
    },
    "id": "1621935375"
  },
  {
    "created_at": "2012-11-05T23:17:25Z",
    "type": "IssueCommentEvent",
    "payload": {
      "comment": {
        "url": "https://api.github.com/repos/scala/scala/issues/comments/10092649",
        "updated_at": "2012-11-05T23:17:25Z",
        "user": {
          "url": "https://api.github.com/users/soc",
          "avatar_url": "https://secure.gravatar.com/avatar/6e4171314f4704b1e82aa4e5d9067e92?d=https://a248.e.akamai.net/assets.github.com%2Fimages%2Fgravatars%2Fgravatar-user-420.png",
          "login": "soc",
          "id": 42493,
          "gravatar_id": "6e4171314f4704b1e82aa4e5d9067e92"
        },
        "created_at": "2012-11-05T23:17:25Z",
        "body": "Is it an issue because of objects in the sense of \"instances of classes\" or due to `java.lang.Object`?\r\nI'll try to come up with some ideas, but I think the design space is pretty much exhausted by earlier decisions.",
        "id": 10092649
      },
      "issue": {
        "closed_at": "2012-11-05T20:13:26Z",
        "url": "https://api.github.com/repos/scala/scala/issues/1517",
        "assignee": null,
        "updated_at": "2012-11-05T23:17:25Z",
        "comments": 8,
        "user": {
          "url": "https://api.github.com/users/soc",
          "avatar_url": "https://secure.gravatar.com/avatar/6e4171314f4704b1e82aa4e5d9067e92?d=https://a248.e.akamai.net/assets.github.com%2Fimages%2Fgravatars%2Fgravatar-user-420.png",
          "login": "soc",
          "id": 42493,
          "gravatar_id": "6e4171314f4704b1e82aa4e5d9067e92"
        },
        "created_at": "2012-10-21T19:58:20Z",
        "pull_request": {
          "diff_url": "https://github.com/scala/scala/pull/1517.diff",
          "patch_url": "https://github.com/scala/scala/pull/1517.patch",
          "html_url": "https://github.com/scala/scala/pull/1517"
        },
        "milestone": null,
        "title": "Rename module to object",
        "state": "closed",
        "body": "",
        "labels": [

        ],
        "id": 7751970,
        "number": 1517,
        "html_url": "https://github.com/scala/scala/issues/1517"
      },
      "action": "created"
    },
    "repo": {
      "url": "https://api.github.com/repos/scala/scala",
      "name": "scala/scala",
      "id": 2888818
    },
    "public": true,
    "org": {
      "url": "https://api.github.com/orgs/scala",
      "avatar_url": "https://secure.gravatar.com/avatar/c0713d6f34649ef9a7358de2ef25379a?d=https://a248.e.akamai.net/assets.github.com%2Fimages%2Fgravatars%2Fgravatar-org-420.png",
      "login": "scala",
      "id": 57059,
      "gravatar_id": "c0713d6f34649ef9a7358de2ef25379a"
    },
    "actor": {
      "url": "https://api.github.com/users/soc",
      "avatar_url": "https://secure.gravatar.com/avatar/6e4171314f4704b1e82aa4e5d9067e92?d=https://a248.e.akamai.net/assets.github.com%2Fimages%2Fgravatars%2Fgravatar-user-420.png",
      "login": "soc",
      "id": 42493,
      "gravatar_id": "6e4171314f4704b1e82aa4e5d9067e92"
    },
    "id": "1621935374"
  },
  {
    "created_at": "2012-11-05T23:17:25Z",
    "type": "PushEvent",
    "payload": {
      "ref": "refs/heads/devel",
      "commits": [
        {
          "sha": "4c718e0462310523ecadb221ca9bea6dc2068b94",
          "url": "https://api.github.com/repos/ushis/silo/commits/4c718e0462310523ecadb221ca9bea6dc2068b94",
          "author": {
            "email": "ushi@porkbox.net",
            "name": "ushi"
          },
          "message": "Add ActsAsTag module\n\n... and updated everything related.",
          "distinct": true
        }
      ],
      "head": "4c718e0462310523ecadb221ca9bea6dc2068b94",
      "size": 1,
      "before": "37dc770ca0262acbfbf97143712548ad4ec9f82c",
      "push_id": 117340409
    },
    "repo": {
      "url": "https://api.github.com/repos/ushis/silo",
      "name": "ushis/silo",
      "id": 5264555
    },
    "public": true,
    "actor": {
      "url": "https://api.github.com/users/ushis",
      "avatar_url": "https://secure.gravatar.com/avatar/5d4b3cf6392416e5c40519fdea7cf0f6?d=https://a248.e.akamai.net/assets.github.com%2Fimages%2Fgravatars%2Fgravatar-user-420.png",
      "login": "ushis",
      "gravatar_id": "5d4b3cf6392416e5c40519fdea7cf0f6",
      "id": 615770
    },
    "id": "1621935372"
  },
  {
    "created_at": "2012-11-05T23:17:25Z",
    "type": "PullRequestEvent",
    "payload": {
      "action": "closed",
      "pull_request": {
        "closed_at": "2012-11-05T23:17:24Z",
        "commits": 1,
        "merged_at": null,
        "_links": {
          "self": {
            "href": "https://api.github.com/repos/reviewboard/rbtools/pulls/19"
          },
          "issue": {
            "href": "https://api.github.com/repos/reviewboard/rbtools/issues/19"
          },
          "comments": {
            "href": "https://api.github.com/repos/reviewboard/rbtools/issues/19/comments"
          },
          "review_comments": {
            "href": "https://api.github.com/repos/reviewboard/rbtools/pulls/19/comments"
          },
          "html": {
            "href": "https://github.com/reviewboard/rbtools/pull/19"
          }
        },
        "url": "https://api.github.com/repos/reviewboard/rbtools/pulls/19",
        "head": {
          "sha": "81d79915a059134e459dca03f9f4d2a2e59719f2",
          "ref": "master",
          "user": {
            "url": "https://api.github.com/users/chrisliu529",
            "avatar_url": "https://secure.gravatar.com/avatar/4646c770add7fb706d4328cfb75a2134?d=https://a248.e.akamai.net/assets.github.com%2Fimages%2Fgravatars%2Fgravatar-user-420.png",
            "login": "chrisliu529",
            "id": 1432819,
            "gravatar_id": "4646c770add7fb706d4328cfb75a2134"
          },
          "repo": {
            "has_downloads": false,
            "git_url": "git://github.com/chrisliu529/rbtools.git",
            "open_issues": 0,
            "url": "https://api.github.com/repos/chrisliu529/rbtools",
            "open_issues_count": 0,
            "private": false,
            "description": "Command line tools for working with Review Board",
            "svn_url": "https://github.com/chrisliu529/rbtools",
            "pushed_at": "2012-11-05T08:32:41Z",
            "watchers": 0,
            "updated_at": "2012-11-05T08:32:42Z",
            "size": 116,
            "owner": {
              "url": "https://api.github.com/users/chrisliu529",
              "avatar_url": "https://secure.gravatar.com/avatar/4646c770add7fb706d4328cfb75a2134?d=https://a248.e.akamai.net/assets.github.com%2Fimages%2Fgravatars%2Fgravatar-user-420.png",
              "login": "chrisliu529",
              "id": 1432819,
              "gravatar_id": "4646c770add7fb706d4328cfb75a2134"
            },
            "fork": true,
            "created_at": "2012-11-05T08:22:05Z",
            "forks": 0,
            "mirror_url": null,
            "homepage": "http://www.reviewboard.org/",
            "watchers_count": 0,
            "has_issues": false,
            "language": "Python",
            "clone_url": "https://github.com/chrisliu529/rbtools.git",
            "ssh_url": "git@github.com:chrisliu529/rbtools.git",
            "full_name": "chrisliu529/rbtools",
            "id": 6541202,
            "name": "rbtools",
            "html_url": "https://github.com/chrisliu529/rbtools",
            "has_wiki": false,
            "forks_count": 0
          },
          "label": "chrisliu529:master"
        },
        "assignee": null,
        "deletions": 1,
        "base": {
          "sha": "2d99a62c28af11f5e51f023c77731b8d3ae3c40a",
          "ref": "master",
          "user": {
            "url": "https://api.github.com/users/reviewboard",
            "avatar_url": "https://secure.gravatar.com/avatar/3b79eff45c2c1ac873c9629603510d8a?d=https://a248.e.akamai.net/assets.github.com%2Fimages%2Fgravatars%2Fgravatar-user-420.png",
            "login": "reviewboard",
            "id": 118199,
            "gravatar_id": "3b79eff45c2c1ac873c9629603510d8a"
          },
          "repo": {
            "has_downloads": false,
            "git_url": "git://github.com/reviewboard/rbtools.git",
            "open_issues": 1,
            "url": "https://api.github.com/repos/reviewboard/rbtools",
            "open_issues_count": 1,
            "private": false,
            "description": "Command line tools for working with Review Board",
            "svn_url": "https://github.com/reviewboard/rbtools",
            "pushed_at": "2012-10-31T22:15:08Z",
            "watchers": 98,
            "updated_at": "2012-11-05T08:22:05Z",
            "size": 920,
            "owner": {
              "url": "https://api.github.com/users/reviewboard",
              "avatar_url": "https://secure.gravatar.com/avatar/3b79eff45c2c1ac873c9629603510d8a?d=https://a248.e.akamai.net/assets.github.com%2Fimages%2Fgravatars%2Fgravatar-user-420.png",
              "login": "reviewboard",
              "id": 118199,
              "gravatar_id": "3b79eff45c2c1ac873c9629603510d8a"
            },
            "fork": false,
            "created_at": "2009-08-23T21:30:43Z",
            "forks": 68,
            "mirror_url": null,
            "homepage": "http://www.reviewboard.org/",
            "watchers_count": 98,
            "has_issues": false,
            "language": "Python",
            "clone_url": "https://github.com/reviewboard/rbtools.git",
            "ssh_url": "git@github.com:reviewboard/rbtools.git",
            "full_name": "reviewboard/rbtools",
            "id": 285969,
            "name": "rbtools",
            "html_url": "https://github.com/reviewboard/rbtools",
            "has_wiki": false,
            "forks_count": 68
          },
          "label": "reviewboard:master"
        },
        "updated_at": "2012-11-05T23:17:24Z",
        "merge_commit_sha": "a48e631fc9f8e2a4aa3d4301d7569414539cc565",
        "comments": 1,
        "additions": 1,
        "user": {
          "url": "https://api.github.com/users/chrisliu529",
          "avatar_url": "https://secure.gravatar.com/avatar/4646c770add7fb706d4328cfb75a2134?d=https://a248.e.akamai.net/assets.github.com%2Fimages%2Fgravatars%2Fgravatar-user-420.png",
          "login": "chrisliu529",
          "id": 1432819,
          "gravatar_id": "4646c770add7fb706d4328cfb75a2134"
        },
        "created_at": "2012-11-05T09:41:49Z",
        "diff_url": "https://github.com/reviewboard/rbtools/pull/19.diff",
        "title": "A fix for the issue treating svn repo as perforce by mistake",
        "milestone": null,
        "mergeable": true,
        "merged_by": null,
        "review_comments": 0,
        "state": "closed",
        "body": "This issue occurred when post-review in an svn repo while p4 client is\r\nalso installed. Since p4 tool is checked in prio, the svn repo will be\r\ntreated in p4 way and an error message will be prompted. It would be\r\nbetter we consider svn whose metadata is stored locally in prio to p4\r\nwhose metadata is stored on server side.",
        "merged": false,
        "number": 19,
        "id": 2879870,
        "patch_url": "https://github.com/reviewboard/rbtools/pull/19.patch",
        "mergeable_state": "clean",
        "html_url": "https://github.com/reviewboard/rbtools/pull/19",
        "changed_files": 1,
        "issue_url": "https://github.com/reviewboard/rbtools/issues/19"
      },
      "number": 19
    },
    "repo": {
      "url": "https://api.github.com/repos/reviewboard/rbtools",
      "name": "reviewboard/rbtools",
      "id": 285969
    },
    "public": true,
    "actor": {
      "url": "https://api.github.com/users/davidt",
      "avatar_url": "https://secure.gravatar.com/avatar/eb3a562e60dd7c3f42961e0c318a3940?d=https://a248.e.akamai.net/assets.github.com%2Fimages%2Fgravatars%2Fgravatar-user-420.png",
      "login": "davidt",
      "gravatar_id": "eb3a562e60dd7c3f42961e0c318a3940",
      "id": 2240
    },
    "id": "1621935369"
  },
  {
    "created_at": "2012-11-05T23:17:24Z",
    "type": "IssueCommentEvent",
    "payload": {
      "comment": {
        "url": "https://api.github.com/repos/reviewboard/rbtools/issues/comments/10092648",
        "updated_at": "2012-11-05T23:17:24Z",
        "user": {
          "url": "https://api.github.com/users/davidt",
          "avatar_url": "https://secure.gravatar.com/avatar/eb3a562e60dd7c3f42961e0c318a3940?d=https://a248.e.akamai.net/assets.github.com%2Fimages%2Fgravatars%2Fgravatar-user-420.png",
          "login": "davidt",
          "id": 2240,
          "gravatar_id": "eb3a562e60dd7c3f42961e0c318a3940"
        },
        "created_at": "2012-11-05T23:17:24Z",
        "body": "Please post this to http://reviews.reviewboard.org/",
        "id": 10092648
      },
      "issue": {
        "url": "https://api.github.com/repos/reviewboard/rbtools/issues/19",
        "closed_at": "2012-11-05T23:17:24Z",
        "assignee": null,
        "updated_at": "2012-11-05T23:17:24Z",
        "comments": 1,
        "pull_request": {
          "diff_url": "https://github.com/reviewboard/rbtools/pull/19.diff",
          "html_url": "https://github.com/reviewboard/rbtools/pull/19",
          "patch_url": "https://github.com/reviewboard/rbtools/pull/19.patch"
        },
        "user": {
          "url": "https://api.github.com/users/chrisliu529",
          "avatar_url": "https://secure.gravatar.com/avatar/4646c770add7fb706d4328cfb75a2134?d=https://a248.e.akamai.net/assets.github.com%2Fimages%2Fgravatars%2Fgravatar-user-420.png",
          "login": "chrisliu529",
          "id": 1432819,
          "gravatar_id": "4646c770add7fb706d4328cfb75a2134"
        },
        "created_at": "2012-11-05T09:41:49Z",
        "milestone": null,
        "title": "A fix for the issue treating svn repo as perforce by mistake",
        "state": "closed",
        "body": "This issue occurred when post-review in an svn repo while p4 client is\r\nalso installed. Since p4 tool is checked in prio, the svn repo will be\r\ntreated in p4 way and an error message will be prompted. It would be\r\nbetter we consider svn whose metadata is stored locally in prio to p4\r\nwhose metadata is stored on server side.",
        "id": 8099989,
        "number": 19,
        "html_url": "https://github.com/reviewboard/rbtools/issues/19",
        "labels": [

        ]
      },
      "action": "created"
    },
    "repo": {
      "url": "https://api.github.com/repos/reviewboard/rbtools",
      "name": "reviewboard/rbtools",
      "id": 285969
    },
    "public": true,
    "actor": {
      "url": "https://api.github.com/users/davidt",
      "avatar_url": "https://secure.gravatar.com/avatar/eb3a562e60dd7c3f42961e0c318a3940?d=https://a248.e.akamai.net/assets.github.com%2Fimages%2Fgravatars%2Fgravatar-user-420.png",
      "login": "davidt",
      "id": 2240,
      "gravatar_id": "eb3a562e60dd7c3f42961e0c318a3940"
    },
    "id": "1621935368"
  },
  {
    "created_at": "2012-11-05T23:17:23Z",
    "type": "FollowEvent",
    "payload": {
      "target": {
        "url": "https://api.github.com/users/eriwen",
        "followers": 104,
        "email": "me@eriwen.com",
        "bio": "Open-source software dabbler; unit testing polyglot; breaker of rules.",
        "type": "User",
        "location": "Denver, CO",
        "created_at": "2009-02-03T20:46:52Z",
        "public_gists": 34,
        "avatar_url": "https://secure.gravatar.com/avatar/bca89ff7612c074bbe1a77d2cf0a4fb0?d=https://a248.e.akamai.net/assets.github.com%2Fimages%2Fgravatars%2Fgravatar-user-420.png",
        "login": "eriwen",
        "following": 44,
        "public_repos": 23,
        "company": "MapVine",
        "id": 51534,
        "name": "Eric Wendelin",
        "hireable": false,
        "gravatar_id": "bca89ff7612c074bbe1a77d2cf0a4fb0",
        "html_url": "https://github.com/eriwen",
        "blog": "http://eriwen.com"
      }
    },
    "repo": {
      "url": "https://api.github.com/repos//",
      "name": "/"
    },
    "public": true,
    "actor": {
      "url": "https://api.github.com/users/jevinskie",
      "avatar_url": "https://secure.gravatar.com/avatar/66b65247a697d64301a3ee5b999d6c22?d=https://a248.e.akamai.net/assets.github.com%2Fimages%2Fgravatars%2Fgravatar-user-420.png",
      "login": "jevinskie",
      "gravatar_id": "66b65247a697d64301a3ee5b999d6c22",
      "id": 187848
    },
    "id": "1621935354"
  },
  {
    "created_at": "2012-11-05T23:17:23Z",
    "type": "GollumEvent",
    "payload": {
      "pages": [
        {
          "sha": "9e850386fb2b96276b99eb4b4f1f82d821497d29",
          "action": "edited",
          "title": "Milestone 2",
          "summary": null,
          "html_url": "https://github.com/bioscience-data-platform/bdp-wiki/wiki/Milestone-2",
          "page_name": "Milestone 2"
        }
      ]
    },
    "repo": {
      "url": "https://api.github.com/repos/bioscience-data-platform/bdp-wiki",
      "name": "bioscience-data-platform/bdp-wiki",
      "id": 6026198
    },
    "public": true,
    "org": {
      "url": "https://api.github.com/orgs/bioscience-data-platform",
      "avatar_url": "https://secure.gravatar.com/avatar/d41d8cd98f00b204e9800998ecf8427e?d=https://a248.e.akamai.net/assets.github.com%2Fimages%2Fgravatars%2Fgravatar-org-420.png",
      "login": "bioscience-data-platform",
      "gravatar_id": "d41d8cd98f00b204e9800998ecf8427e",
      "id": 2390811
    },
    "actor": {
      "url": "https://api.github.com/users/steveandroulakis",
      "avatar_url": "https://secure.gravatar.com/avatar/2d340dee2108b6c7c1e1aadc6628ad94?d=https://a248.e.akamai.net/assets.github.com%2Fimages%2Fgravatars%2Fgravatar-user-420.png",
      "login": "steveandroulakis",
      "gravatar_id": "2d340dee2108b6c7c1e1aadc6628ad94",
      "id": 1109055
    },
    "id": "1621935353"
  },
  {
    "created_at": "2012-11-05T23:17:23Z",
    "type": "WatchEvent",
    "payload": {
      "action": "started"
    },
    "repo": {
      "url": "https://api.github.com/repos/websanova/js-url",
      "name": "websanova/js-url",
      "id": 6413676
    },
    "public": true,
    "actor": {
      "url": "https://api.github.com/users/ChibiJoel",
      "avatar_url": "https://secure.gravatar.com/avatar/bb7d71c20821afe96b75badd6e7d9fe8?d=https://a248.e.akamai.net/assets.github.com%2Fimages%2Fgravatars%2Fgravatar-user-420.png",
      "login": "ChibiJoel",
      "gravatar_id": "bb7d71c20821afe96b75badd6e7d9fe8",
      "id": 1328733
    },
    "id": "1621935352"
  },
  {
    "created_at": "2012-11-05T23:17:23Z",
    "type": "WatchEvent",
    "payload": {
      "action": "started"
    },
    "repo": {
      "url": "https://api.github.com/repos/maker/ratchet",
      "name": "maker/ratchet",
      "id": 5448530
    },
    "public": true,
    "org": {
      "url": "https://api.github.com/orgs/maker",
      "avatar_url": "https://secure.gravatar.com/avatar/501baa8936066edb2fb123d984d110a6?d=https://a248.e.akamai.net/assets.github.com%2Fimages%2Fgravatars%2Fgravatar-org-420.png",
      "login": "maker",
      "gravatar_id": "501baa8936066edb2fb123d984d110a6",
      "id": 2671793
    },
    "actor": {
      "url": "https://api.github.com/users/st-luke",
      "avatar_url": "https://secure.gravatar.com/avatar/3116627059edd51a50974cfdfaed5138?d=https://a248.e.akamai.net/assets.github.com%2Fimages%2Fgravatars%2Fgravatar-user-420.png",
      "login": "st-luke",
      "gravatar_id": "3116627059edd51a50974cfdfaed5138",
      "id": 62224
    },
    "id": "1621935349"
  },
  {
    "created_at": "2012-11-05T23:17:22Z",
    "type": "PushEvent",
    "payload": {
      "ref": "refs/heads/new-features",
      "commits": [
        {
          "sha": "b00e7a71c3fafddc1f89d00bba9fdee565708e20",
          "url": "https://api.github.com/repos/jazzzz/node-orientdb/commits/b00e7a71c3fafddc1f89d00bba9fdee565708e20",
          "author": {
            "email": "gabipetrovay@gmail.com",
            "name": "Gabriel Petrovay"
          },
          "message": "More cleanup and verbosity for tests. Discovered missing feature in issue #83",
          "distinct": true
        },
        {
          "sha": "72ac7965ed7faad5ee99f9d89d7eb33df9d7351e",
          "url": "https://api.github.com/repos/jazzzz/node-orientdb/commits/72ac7965ed7faad5ee99f9d89d7eb33df9d7351e",
          "author": {
            "email": "gabipetrovay@gmail.com",
            "name": "Gabriel Petrovay"
          },
          "message": "Added one more TODO on the issue #83",
          "distinct": true
        },
        {
          "sha": "2e25f3150faa95e90a1bbb58580cbcd866f28e25",
          "url": "https://api.github.com/repos/jazzzz/node-orientdb/commits/2e25f3150faa95e90a1bbb58580cbcd866f28e25",
          "author": {
            "email": "gabipetrovay@gmail.com",
            "name": "Gabriel Petrovay"
          },
          "message": "Improved one test to make it more portable and code cleanup",
          "distinct": true
        },
        {
          "sha": "4e1c376120e6f549a160431bebdb4ab2d2d6fca0",
          "url": "https://api.github.com/repos/jazzzz/node-orientdb/commits/4e1c376120e6f549a160431bebdb4ab2d2d6fca0",
          "author": {
            "email": "gabipetrovay@gmail.com",
            "name": "Gabriel Petrovay"
          },
          "message": "minor code cleanup",
          "distinct": true
        },
        {
          "sha": "b75e605ccb8bd29470b6f9d1a357be021dd7f4a7",
          "url": "https://api.github.com/repos/jazzzz/node-orientdb/commits/b75e605ccb8bd29470b6f9d1a357be021dd7f4a7",
          "author": {
            "email": "gabipetrovay@gmail.com",
            "name": "Gabriel Petrovay"
          },
          "message": "Bumped up the version",
          "distinct": true
        },
        {
          "sha": "ed6016f8857fbd9693e582ec573b66377480ffdf",
          "url": "https://api.github.com/repos/jazzzz/node-orientdb/commits/ed6016f8857fbd9693e582ec573b66377480ffdf",
          "author": {
            "email": "jazzzz@gmail.com",
            "name": "Jazz"
          },
          "message": "New callback based parser",
          "distinct": true
        },
        {
          "sha": "b5325a32affc72169e8b84141555af45c06c096c",
          "url": "https://api.github.com/repos/jazzzz/node-orientdb/commits/b5325a32affc72169e8b84141555af45c06c096c",
          "author": {
            "email": "jazzzz@gmail.com",
            "name": "Jazz"
          },
          "message": "Switched Command to callback based parser",
          "distinct": true
        },
        {
          "sha": "be8258b2dddf92844c384559192e2b365d613f23",
          "url": "https://api.github.com/repos/jazzzz/node-orientdb/commits/be8258b2dddf92844c384559192e2b365d613f23",
          "author": {
            "email": "jazzzz@gmail.com",
            "name": "Jazz"
          },
          "message": "Use readArray in DbOpen and DbReload",
          "distinct": true
        },
        {
          "sha": "1c431ba3fe69db82b35f1a781913aae90a18fd53",
          "url": "https://api.github.com/repos/jazzzz/node-orientdb/commits/1c431ba3fe69db82b35f1a781913aae90a18fd53",
          "author": {
            "email": "jazzzz@gmail.com",
            "name": "Jazz"
          },
          "message": "Removed parsing by steps",
          "distinct": true
        },
        {
          "sha": "067d17e411896c2d4d37c63d9f5e2eb8cec83be2",
          "url": "https://api.github.com/repos/jazzzz/node-orientdb/commits/067d17e411896c2d4d37c63d9f5e2eb8cec83be2",
          "author": {
            "email": "jazzzz@gmail.com",
            "name": "Jazz"
          },
          "message": "Fixed ErrorCommand",
          "distinct": true
        },
        {
          "sha": "cb1de734bbca7ebfc6fcac69f80a4eb434dd5b24",
          "url": "https://api.github.com/repos/jazzzz/node-orientdb/commits/cb1de734bbca7ebfc6fcac69f80a4eb434dd5b24",
          "author": {
            "email": "jazzzz@gmail.com",
            "name": "Jazz"
          },
          "message": "Removed dead code",
          "distinct": true
        },
        {
          "sha": "88e411051e031d975aac5a12b4868cb932862886",
          "url": "https://api.github.com/repos/jazzzz/node-orientdb/commits/88e411051e031d975aac5a12b4868cb932862886",
          "author": {
            "email": "jazzzz@gmail.com",
            "name": "Jazz"
          },
          "message": "End command on error",
          "distinct": true
        },
        {
          "sha": "fe6bcb9441ed519e6317812d5658545ac2e2c5cf",
          "url": "https://api.github.com/repos/jazzzz/node-orientdb/commits/fe6bcb9441ed519e6317812d5658545ac2e2c5cf",
          "author": {
            "email": "jazzzz@gmail.com",
            "name": "Jazz"
          },
          "message": "No special case for strings and bytes",
          "distinct": true
        },
        {
          "sha": "02ef731900f9dbdf16de0ca2c5de67383d801544",
          "url": "https://api.github.com/repos/jazzzz/node-orientdb/commits/02ef731900f9dbdf16de0ca2c5de67383d801544",
          "author": {
            "email": "jazzzz@gmail.com",
            "name": "Jazz"
          },
          "message": "Implemented command async mode and fetch plan",
          "distinct": true
        },
        {
          "sha": "f8517b39b76b0674e5505ba4def7a6cb6552c922",
          "url": "https://api.github.com/repos/jazzzz/node-orientdb/commits/f8517b39b76b0674e5505ba4def7a6cb6552c922",
          "author": {
            "email": "jazzzz@gmail.com",
            "name": "Jazz"
          },
          "message": "Call calback with correct this",
          "distinct": true
        },
        {
          "sha": "1bee1d4394aa165755e86ac1ff3eab0dfffda80d",
          "url": "https://api.github.com/repos/jazzzz/node-orientdb/commits/1bee1d4394aa165755e86ac1ff3eab0dfffda80d",
          "author": {
            "email": "jazzzz@gmail.com",
            "name": "Jazz"
          },
          "message": "Fixed RID record",
          "distinct": true
        },
        {
          "sha": "9361b64b8a85c5edfe1c227d44b86156b91706aa",
          "url": "https://api.github.com/repos/jazzzz/node-orientdb/commits/9361b64b8a85c5edfe1c227d44b86156b91706aa",
          "author": {
            "email": "jazzzz@gmail.com",
            "name": "Jazz"
          },
          "message": "Simplified result processing",
          "distinct": true
        },
        {
          "sha": "cbd71f858d2012d4436ac08da09f25e3c42a10b3",
          "url": "https://api.github.com/repos/jazzzz/node-orientdb/commits/cbd71f858d2012d4436ac08da09f25e3c42a10b3",
          "author": {
            "email": "jazzzz@gmail.com",
            "name": "Jazz"
          },
          "message": "Added cache in loadRecords",
          "distinct": true
        },
        {
          "sha": "a9df985fe5656b3f2e7e8b332c0e85453397b2d6",
          "url": "https://api.github.com/repos/jazzzz/node-orientdb/commits/a9df985fe5656b3f2e7e8b332c0e85453397b2d6",
          "author": {
            "email": "jazzzz@gmail.com",
            "name": "Jazz"
          },
          "message": "Parse cache content",
          "distinct": true
        },
        {
          "sha": "877f01b6eea1fe981efdf9cc80a40bbf6830496f",
          "url": "https://api.github.com/repos/jazzzz/node-orientdb/commits/877f01b6eea1fe981efdf9cc80a40bbf6830496f",
          "author": {
            "email": "jazzzz@gmail.com",
            "name": "Jazz"
          },
          "message": "Replaced reader stack with a single reader",
          "distinct": true
        }
      ],
      "head": "9d3038a449f6d13f7dabf721ac59863b342bed33",
      "size": 49,
      "before": "7aefa49a8de1275c3dd9d06fe4c3e0606f937018",
      "push_id": 117340398
    },
    "repo": {
      "url": "https://api.github.com/repos/jazzzz/node-orientdb",
      "name": "jazzzz/node-orientdb",
      "id": 6432881
    },
    "public": true,
    "actor": {
      "url": "https://api.github.com/users/jazzzz",
      "avatar_url": "https://secure.gravatar.com/avatar/5e483f524a0526ec3c096b0078484547?d=https://a248.e.akamai.net/assets.github.com%2Fimages%2Fgravatars%2Fgravatar-user-420.png",
      "login": "jazzzz",
      "id": 290626,
      "gravatar_id": "5e483f524a0526ec3c096b0078484547"
    },
    "id": "1621935345"
  },
  {
    "created_at": "2012-11-05T23:17:22Z",
    "type": "PushEvent",
    "payload": {
      "ref": "refs/heads/master",
      "commits": [
        {
          "sha": "791d9f9a1d771fd2a1128d5940ffb2676aafdaf9",
          "url": "https://api.github.com/repos/davidpcruz/MSE-EAI/commits/791d9f9a1d771fd2a1128d5940ffb2676aafdaf9",
          "author": {
            "email": "joaofcribeiro@gmail.com",
            "name": "joaofcribeiro"
          },
          "message": "back",
          "distinct": true
        }
      ],
      "head": "791d9f9a1d771fd2a1128d5940ffb2676aafdaf9",
      "size": 1,
      "before": "54cc43333b11d8844332f82853ddaa6c2c6be927",
      "push_id": 117340399
    },
    "repo": {
      "url": "https://api.github.com/repos/davidpcruz/MSE-EAI",
      "name": "davidpcruz/MSE-EAI",
      "id": 5771276
    },
    "public": true,
    "actor": {
      "url": "https://api.github.com/users/joaofcribeiro",
      "avatar_url": "https://secure.gravatar.com/avatar/c6dc06662f38a123c3985e84c4742a0c?d=https://a248.e.akamai.net/assets.github.com%2Fimages%2Fgravatars%2Fgravatar-user-420.png",
      "login": "joaofcribeiro",
      "gravatar_id": "c6dc06662f38a123c3985e84c4742a0c",
      "id": 2330970
    },
    "id": "1621935346"
  },
  {
    "created_at": "2012-11-05T23:17:22Z",
    "type": "PushEvent",
    "payload": {
      "ref": "refs/heads/unstable",
      "commits": [
        {
          "sha": "4d807cbe1193b67bc4519259f14bbad049fd1c50",
          "url": "https://api.github.com/repos/noah-goodrich/gacela/commits/4d807cbe1193b67bc4519259f14bbad049fd1c50",
          "author": {
            "email": "noah.goodrich@lendio.com",
            "name": "Noah Goodrich"
          },
          "message": "Fixed Salesforce::find() method declaration",
          "distinct": true
        }
      ],
      "head": "4d807cbe1193b67bc4519259f14bbad049fd1c50",
      "size": 1,
      "before": "3864da360cff82a2aba5a9813a664a1c327a0eb3",
      "push_id": 117340397
    },
    "repo": {
      "url": "https://api.github.com/repos/noah-goodrich/gacela",
      "name": "noah-goodrich/gacela",
      "id": 956624
    },
    "public": true,
    "actor": {
      "url": "https://api.github.com/users/noah-goodrich",
      "avatar_url": "https://secure.gravatar.com/avatar/53001fae0c4286668c128393bd42c9b6?d=https://a248.e.akamai.net/assets.github.com%2Fimages%2Fgravatars%2Fgravatar-user-420.png",
      "login": "noah-goodrich",
      "gravatar_id": "53001fae0c4286668c128393bd42c9b6",
      "id": 393414
    },
    "id": "1621935344"
  },
  {
    "created_at": "2012-11-05T23:17:22Z",
    "type": "PushEvent",
    "payload": {
      "ref": "refs/heads/master",
      "commits": [
        {
          "sha": "c8d363c3c65240072841d5726f5a1761d92776eb",
          "url": "https://api.github.com/repos/ajsharpe/CMPUT301F12T11/commits/c8d363c3c65240072841d5726f5a1761d92776eb",
          "author": {
            "email": "ajsharpe@ualberta.ca",
            "name": "ajsharpe"
          },
          "message": "comments and stuff",
          "distinct": true
        }
      ],
      "head": "c8d363c3c65240072841d5726f5a1761d92776eb",
      "size": 1,
      "before": "2a1b7769e96f139423e14ff117b3641148626a9d",
      "push_id": 117340396
    },
    "repo": {
      "url": "https://api.github.com/repos/ajsharpe/CMPUT301F12T11",
      "name": "ajsharpe/CMPUT301F12T11",
      "id": 6144563
    },
    "public": true,
    "actor": {
      "url": "https://api.github.com/users/ajsharpe",
      "avatar_url": "https://secure.gravatar.com/avatar/a51eb9021fd7e49c671702a5435ad542?d=https://a248.e.akamai.net/assets.github.com%2Fimages%2Fgravatars%2Fgravatar-user-420.png",
      "login": "ajsharpe",
      "id": 2293618,
      "gravatar_id": "a51eb9021fd7e49c671702a5435ad542"
    },
    "id": "1621935343"
  },
  {
    "created_at": "2012-11-05T23:17:21Z",
    "type": "WatchEvent",
    "payload": {
      "action": "started"
    },
    "repo": {
      "url": "https://api.github.com/repos/floodlight/floodlight",
      "name": "floodlight/floodlight",
      "id": 2784643
    },
    "public": true,
    "org": {
      "url": "https://api.github.com/orgs/floodlight",
      "avatar_url": "https://secure.gravatar.com/avatar/96a7a1759caca9e49f2d0b2f0b95770b?d=https://a248.e.akamai.net/assets.github.com%2Fimages%2Fgravatars%2Fgravatar-org-420.png",
      "login": "floodlight",
      "gravatar_id": "96a7a1759caca9e49f2d0b2f0b95770b",
      "id": 1198172
    },
    "actor": {
      "url": "https://api.github.com/users/paolo-de-rosa",
      "avatar_url": "https://secure.gravatar.com/avatar/9dbbc8ad5b8ce9ecf200281a2fd8dc87?d=https://a248.e.akamai.net/assets.github.com%2Fimages%2Fgravatars%2Fgravatar-user-420.png",
      "login": "paolo-de-rosa",
      "gravatar_id": "9dbbc8ad5b8ce9ecf200281a2fd8dc87",
      "id": 569002
    },
    "id": "1621935336"
  },
  {
    "created_at": "2012-11-05T23:17:21Z",
    "type": "PushEvent",
    "payload": {
      "ref": "refs/heads/Ratter",
      "commits": [
        {
          "sha": "51046719ab0413ceb94042d94bf841bdb710cb37",
          "url": "https://api.github.com/repos/Tehtsuo/Combot/commits/51046719ab0413ceb94042d94bf841bdb710cb37",
          "author": {
            "email": "TimLeap@gmail.com",
            "name": "Tehtsuo"
          },
          "message": "Blap blap blap that UI into shape",
          "distinct": true
        }
      ],
      "head": "51046719ab0413ceb94042d94bf841bdb710cb37",
      "size": 1,
      "before": "018568f46758de6a73c650fa931eadad601dabf0",
      "push_id": 117340392
    },
    "repo": {
      "url": "https://api.github.com/repos/Tehtsuo/Combot",
      "name": "Tehtsuo/Combot",
      "id": 4444833
    },
    "public": true,
    "actor": {
      "url": "https://api.github.com/users/Tehtsuo",
      "avatar_url": "https://secure.gravatar.com/avatar/892ba8567082d5abe4c10a650c1efbe5?d=https://a248.e.akamai.net/assets.github.com%2Fimages%2Fgravatars%2Fgravatar-user-420.png",
      "login": "Tehtsuo",
      "id": 1762598,
      "gravatar_id": "892ba8567082d5abe4c10a650c1efbe5"
    },
    "id": "1621935335"
  },
  {
    "created_at": "2012-11-05T23:17:21Z",
    "type": "IssuesEvent",
    "payload": {
      "issue": {
        "closed_at": null,
        "url": "https://api.github.com/repos/modilabs/formhub/issues/788",
        "assignee": null,
        "updated_at": "2012-11-05T23:17:20Z",
        "comments": 0,
        "pull_request": {
          "diff_url": null,
          "patch_url": null,
          "html_url": null
        },
        "user": {
          "url": "https://api.github.com/users/prabhasp",
          "avatar_url": "https://secure.gravatar.com/avatar/224da189dd26f758c3082cd08c80ede4?d=https://a248.e.akamai.net/assets.github.com%2Fimages%2Fgravatars%2Fgravatar-user-420.png",
          "login": "prabhasp",
          "id": 178868,
          "gravatar_id": "224da189dd26f758c3082cd08c80ede4"
        },
        "created_at": "2012-11-05T23:17:20Z",
        "milestone": null,
        "title": "On \"percentage\" coloring, size hexbins by # of responses",
        "state": "open",
        "body": "Those 1/1 hexes really throw one off.",
        "id": 8123315,
        "labels": [
          {
            "url": "https://api.github.com/repos/modilabs/formhub/labels/Feature",
            "color": "02e10c",
            "name": "Feature"
          }
        ],
        "number": 788,
        "html_url": "https://github.com/modilabs/formhub/issues/788"
      },
      "action": "opened"
    },
    "repo": {
      "url": "https://api.github.com/repos/modilabs/formhub",
      "name": "modilabs/formhub",
      "id": 2512748
    },
    "public": true,
    "org": {
      "url": "https://api.github.com/orgs/modilabs",
      "avatar_url": "https://secure.gravatar.com/avatar/e743a427b0da6fa5b835c38dd624603f?d=https://a248.e.akamai.net/assets.github.com%2Fimages%2Fgravatars%2Fgravatar-org-420.png",
      "login": "modilabs",
      "gravatar_id": "e743a427b0da6fa5b835c38dd624603f",
      "id": 368514
    },
    "actor": {
      "url": "https://api.github.com/users/prabhasp",
      "avatar_url": "https://secure.gravatar.com/avatar/224da189dd26f758c3082cd08c80ede4?d=https://a248.e.akamai.net/assets.github.com%2Fimages%2Fgravatars%2Fgravatar-user-420.png",
      "login": "prabhasp",
      "gravatar_id": "224da189dd26f758c3082cd08c80ede4",
      "id": 178868
    },
    "id": "1621935325"
  },
  {
    "created_at": "2012-11-05T23:17:20Z",
    "type": "DeleteEvent",
    "payload": {
      "ref": "newStringKernels",
      "ref_type": "branch"
    },
    "repo": {
      "url": "https://api.github.com/repos/kmcquisten/shogun",
      "name": "kmcquisten/shogun",
      "id": 4704142
    },
    "public": true,
    "actor": {
      "url": "https://api.github.com/users/kmcquisten",
      "avatar_url": "https://secure.gravatar.com/avatar/a944a2259e612c32152076746dedd4ad?d=https://a248.e.akamai.net/assets.github.com%2Fimages%2Fgravatars%2Fgravatar-user-420.png",
      "login": "kmcquisten",
      "gravatar_id": "a944a2259e612c32152076746dedd4ad",
      "id": 1863821
    },
    "id": "1621935319"
  },
  {
    "created_at": "2012-11-05T23:17:20Z",
    "type": "PushEvent",
    "payload": {
      "ref": "refs/heads/master",
      "commits": [
        {
          "sha": "db4f874c3b04c1fe0b08829e3bda1827d0022fbc",
          "url": "https://api.github.com/repos/eskimoblood/jim-knopf/commits/db4f874c3b04c1fe0b08829e3bda1827d0022fbc",
          "author": {
            "email": "koeberle@gmail.com",
            "name": "Andreas Köberle"
          },
          "message": "inline the custom style too, it was useless anyway",
          "distinct": false
        }
      ],
      "head": "db4f874c3b04c1fe0b08829e3bda1827d0022fbc",
      "size": 1,
      "before": "c3d0d926a9d4da6476281173c14bc7d5583d46a4",
      "push_id": 117340383
    },
    "repo": {
      "url": "https://api.github.com/repos/eskimoblood/jim-knopf",
      "name": "eskimoblood/jim-knopf",
      "id": 6360071
    },
    "public": true,
    "actor": {
      "url": "https://api.github.com/users/eskimoblood",
      "avatar_url": "https://secure.gravatar.com/avatar/7831f9c652845c34091da263b689cc25?d=https://a248.e.akamai.net/assets.github.com%2Fimages%2Fgravatars%2Fgravatar-user-420.png",
      "login": "eskimoblood",
      "gravatar_id": "7831f9c652845c34091da263b689cc25",
      "id": 72060
    },
    "id": "1621935318"
  },
  {
    "created_at": "2012-11-05T23:17:20Z",
    "type": "PushEvent",
    "payload": {
      "ref": "refs/heads/gh-pages",
      "commits": [
        {
          "sha": "db4f874c3b04c1fe0b08829e3bda1827d0022fbc",
          "url": "https://api.github.com/repos/eskimoblood/jim-knopf/commits/db4f874c3b04c1fe0b08829e3bda1827d0022fbc",
          "author": {
            "email": "koeberle@gmail.com",
            "name": "Andreas Köberle"
          },
          "message": "inline the custom style too, it was useless anyway",
          "distinct": false
        }
      ],
      "head": "db4f874c3b04c1fe0b08829e3bda1827d0022fbc",
      "size": 1,
      "before": "c3d0d926a9d4da6476281173c14bc7d5583d46a4",
      "push_id": 117340381
    },
    "repo": {
      "url": "https://api.github.com/repos/eskimoblood/jim-knopf",
      "name": "eskimoblood/jim-knopf",
      "id": 6360071
    },
    "public": true,
    "actor": {
      "url": "https://api.github.com/users/eskimoblood",
      "avatar_url": "https://secure.gravatar.com/avatar/7831f9c652845c34091da263b689cc25?d=https://a248.e.akamai.net/assets.github.com%2Fimages%2Fgravatars%2Fgravatar-user-420.png",
      "login": "eskimoblood",
      "id": 72060,
      "gravatar_id": "7831f9c652845c34091da263b689cc25"
    },
    "id": "1621935315"
  }
]
